filename,category,filepath,predicted_category
IMG-20260813-WA1723.jpg,Interior_Design,C:\Users\Priyanka\OneDrive\Desktop\Smart_Screenshot_Search_Engine\Interior_Design\IMG-20260813-WA1723.jpg,Interior_Design
IMG-20260813-WA1484.jpg,Addresses_Locations,C:\Users\Priyanka\OneDrive\Desktop\Smart_Screenshot_Search_Engine\Addresses_Locations\IMG-20260813-WA1484.jpg,Addresses_Locations
IMG-20260813-WA0371.jpg,Receipts_Bills,C:\Users\Priyanka\OneDrive\Desktop\Smart_Screenshot_Search_Engine\Receipts_Bills\IMG-20260813-WA0371.jpg,Receipts_Bills
Screenshot_2026-08-13-12-23-41-17_8b1cfbb769bd52fc36fa25a4fcc64305.jpg,Recipes,C:\Users\Priyanka\OneDrive\Desktop\Smart_Screenshot_Search_Engine\Recipes\Screenshot_2026-08-13-12-23-41-17_8b1cfbb769bd52fc36fa25a4fcc64305.jpg,Recipes
IMG-20260813-WA0512.jpg,Receipts_Bills,C:\Users\Priyanka\OneDrive\Desktop\Smart_Screenshot_Search_Engine\Receipts_Bills\IMG-20260813-WA0512.jpg,Receipts_Bills
IMG-20260813-WA0136.jpg,Tickets_Bookings,C:\Users\Priyanka\OneDrive\Desktop\Smart_Screenshot_Search_Engine\Tickets_Bookings\IMG-20260813-WA0136.jpg,Addresses_Locations
IMG-20260813-WA0879.jpg,Tickets_Bookings,C:\Users\Priyanka\OneDrive\Desktop\Smart_Screenshot_Search_Engine\Tickets_Bookings\IMG-20260813-WA0879.jpg,Addresses_Locations
Screenshot_2026-08-13-13-32-21-25_8b1cfbb769bd52fc36fa25a4fcc64305.jpg,Recipes,C:\Users\Priyanka\OneDrive\Desktop\Smart_Screenshot_Search_Engine\Recipes\Screenshot_2026-08-13-13-32-21-25_8b1cfbb769bd52fc36fa25a4fcc64305.jpg,Recipes
IMG-20260813-WA1087.jpg,Products_Shopping,C:\Users\Priyanka\OneDrive\Desktop\Smart_Screenshot_Search_Engine\Products_Shopping\IMG-20260813-WA1087.jpg,Products_Shopping
IMG-20260813-WA0307.jpg,Receipts_Bills,C:\Users\Priyanka\OneDrive\Desktop\Smart_Screenshot_Search_Engine\Receipts_Bills\IMG-20260813-WA0307.jpg,Receipts_Bills
IMG-20260813-WA0573.jpg,Receipts_Bills,C:\Users\Priyanka\OneDrive\Desktop\Smart_Screenshot_Search_Engine\Receipts_Bills\IMG-20260813-WA0573.jpg,Receipts_Bills
IMG-20260813-WA1663.jpg,Interior_Design,C:\Users\Priyanka\OneDrive\Desktop\Smart_Screenshot_Search_Engine\Interior_Design\IMG-20260813-WA1663.jpg,Addresses_Locations
IMG-20260813-WA0882.jpg,Tickets_Bookings,C:\Users\Priyanka\OneDrive\Desktop\Smart_Screenshot_Search_Engine\Tickets_Bookings\IMG-20260813-WA0882.jpg,Addresses_Locations
IMG-20260813-WA1108.jpg,Products_Shopping,C:\Users\Priyanka\OneDrive\Desktop\Smart_Screenshot_Search_Engine\Products_Shopping\IMG-20260813-WA1108.jpg,Products_Shopping
IMG-20260813-WA0818.jpg,Products_Shopping,C:\Users\Priyanka\OneDrive\Desktop\Smart_Screenshot_Search_Engine\Products_Shopping\IMG-20260813-WA0818.jpg,Products_Shopping
IMG-20260813-WA0643.jpg,Receipts_Bills,C:\Users\Priyanka\OneDrive\Desktop\Smart_Screenshot_Search_Engine\Receipts_Bills\IMG-20260813-WA0643.jpg,Receipts_Bills
IMG-20260813-WA1439.jpg,Addresses_Locations,C:\Users\Priyanka\OneDrive\Desktop\Smart_Screenshot_Search_Engine\Addresses_Locations\IMG-20260813-WA1439.jpg,Addresses_Locations
Screenshot_2026-08-13-14-35-21-43_40deb401b9ffe8e1df2f1cc5ba480b12.jpg,Recipes,C:\Users\Priyanka\OneDrive\Desktop\Smart_Screenshot_Search_Engine\Recipes\Screenshot_2026-08-13-14-35-21-43_40deb401b9ffe8e1df2f1cc5ba480b12.jpg,Recipes
IMG-20260813-WA0649.jpg,Products_Shopping,C:\Users\Priyanka\OneDrive\Desktop\Smart_Screenshot_Search_Engine\Products_Shopping\IMG-20260813-WA0649.jpg,Products_Shopping
IMG-20260813-WA0543.jpg,Receipts_Bills,C:\Users\Priyanka\OneDrive\Desktop\Smart_Screenshot_Search_Engine\Receipts_Bills\IMG-20260813-WA0543.jpg,Receipts_Bills
IMG-20260813-WA0595.jpg,Receipts_Bills,C:\Users\Priyanka\OneDrive\Desktop\Smart_Screenshot_Search_Engine\Receipts_Bills\IMG-20260813-WA0595.jpg,Receipts_Bills
IMG-20260813-WA1047.jpg,Products_Shopping,C:\Users\Priyanka\OneDrive\Desktop\Smart_Screenshot_Search_Engine\Products_Shopping\IMG-20260813-WA1047.jpg,Products_Shopping
IMG-20260813-WA0442.jpg,Tickets_Bookings,C:\Users\Priyanka\OneDrive\Desktop\Smart_Screenshot_Search_Engine\Tickets_Bookings\IMG-20260813-WA0442.jpg,Tickets_Bookings
IMG-20260813-WA1328.jpg,Addresses_Locations,C:\Users\Priyanka\OneDrive\Desktop\Smart_Screenshot_Search_Engine\Addresses_Locations\IMG-20260813-WA1328.jpg,Addresses_Locations
IMG-20260813-WA0531.jpg,Receipts_Bills,C:\Users\Priyanka\OneDrive\Desktop\Smart_Screenshot_Search_Engine\Receipts_Bills\IMG-20260813-WA0531.jpg,Receipts_Bills
IMG-20260813-WA1546.jpg,Addresses_Locations,C:\Users\Priyanka\OneDrive\Desktop\Smart_Screenshot_Search_Engine\Addresses_Locations\IMG-20260813-WA1546.jpg,Receipts_Bills
IMG-20260813-WA0460.jpg,Tickets_Bookings,C:\Users\Priyanka\OneDrive\Desktop\Smart_Screenshot_Search_Engine\Tickets_Bookings\IMG-20260813-WA0460.jpg,Tickets_Bookings
IMG-20260813-WA0296.jpg,Receipts_Bills,C:\Users\Priyanka\OneDrive\Desktop\Smart_Screenshot_Search_Engine\Receipts_Bills\IMG-20260813-WA0296.jpg,Receipts_Bills
Screenshot_2026-08-13-16-20-03-02_680d03679600f7af0b4c700c6b270fe7.jpg,Addresses_Locations,C:\Users\Priyanka\OneDrive\Desktop\Smart_Screenshot_Search_Engine\Addresses_Locations\Screenshot_2026-08-13-16-20-03-02_680d03679600f7af0b4c700c6b270fe7.jpg,Recipes
IMG-20260813-WA1773.jpg,Interior_Design,C:\Users\Priyanka\OneDrive\Desktop\Smart_Screenshot_Search_Engine\Interior_Design\IMG-20260813-WA1773.jpg,Interior_Design
IMG-20260813-WA0636.jpg,Receipts_Bills,C:\Users\Priyanka\OneDrive\Desktop\Smart_Screenshot_Search_Engine\Receipts_Bills\IMG-20260813-WA0636.jpg,Receipts_Bills
IMG-20260813-WA0842.jpg,Products_Shopping,C:\Users\Priyanka\OneDrive\Desktop\Smart_Screenshot_Search_Engine\Products_Shopping\IMG-20260813-WA0842.jpg,Products_Shopping
Screenshot_2026-08-13-15-12-25-69_40deb401b9ffe8e1df2f1cc5ba480b12.jpg,Recipes,C:\Users\Priyanka\OneDrive\Desktop\Smart_Screenshot_Search_Engine\Recipes\Screenshot_2026-08-13-15-12-25-69_40deb401b9ffe8e1df2f1cc5ba480b12.jpg,Recipes
Screenshot_2026-08-13-14-43-46-81_40deb401b9ffe8e1df2f1cc5ba480b12.jpg,Recipes,C:\Users\Priyanka\OneDrive\Desktop\Smart_Screenshot_Search_Engine\Recipes\Screenshot_2026-08-13-14-43-46-81_40deb401b9ffe8e1df2f1cc5ba480b12.jpg,Recipes
IMG-20260813-WA0623.jpg,Tickets_Bookings,C:\Users\Priyanka\OneDrive\Desktop\Smart_Screenshot_Search_Engine\Tickets_Bookings\IMG-20260813-WA0623.jpg,Recipes
IMG-20260813-WA1837.jpg,Interior_Design,C:\Users\Priyanka\OneDrive\Desktop\Smart_Screenshot_Search_Engine\Interior_Design\IMG-20260813-WA1837.jpg,Interior_Design
Screenshot_2026-08-13-13-30-17-21_8b1cfbb769bd52fc36fa25a4fcc64305.jpg,Recipes,C:\Users\Priyanka\OneDrive\Desktop\Smart_Screenshot_Search_Engine\Recipes\Screenshot_2026-08-13-13-30-17-21_8b1cfbb769bd52fc36fa25a4fcc64305.jpg,Recipes
IMG-20260813-WA1765.jpg,Interior_Design,C:\Users\Priyanka\OneDrive\Desktop\Smart_Screenshot_Search_Engine\Interior_Design\IMG-20260813-WA1765.jpg,Interior_Design
Screenshot_2026-08-13-15-04-27-30_40deb401b9ffe8e1df2f1cc5ba480b12.jpg,Recipes,C:\Users\Priyanka\OneDrive\Desktop\Smart_Screenshot_Search_Engine\Recipes\Screenshot_2026-08-13-15-04-27-30_40deb401b9ffe8e1df2f1cc5ba480b12.jpg,Recipes
IMG-20260813-WA1301.jpg,Addresses_Locations,C:\Users\Priyanka\OneDrive\Desktop\Smart_Screenshot_Search_Engine\Addresses_Locations\IMG-20260813-WA1301.jpg,Products_Shopping
IMG-20260813-WA1016.jpg,Products_Shopping,C:\Users\Priyanka\OneDrive\Desktop\Smart_Screenshot_Search_Engine\Products_Shopping\IMG-20260813-WA1016.jpg,Products_Shopping
IMG-20260813-WA1414.jpg,Addresses_Locations,C:\Users\Priyanka\OneDrive\Desktop\Smart_Screenshot_Search_Engine\Addresses_Locations\IMG-20260813-WA1414.jpg,Addresses_Locations
IMG-20260813-WA0696.jpg,Receipts_Bills,C:\Users\Priyanka\OneDrive\Desktop\Smart_Screenshot_Search_Engine\Receipts_Bills\IMG-20260813-WA0696.jpg,Receipts_Bills
IMG-20260813-WA0718.jpg,Receipts_Bills,C:\Users\Priyanka\OneDrive\Desktop\Smart_Screenshot_Search_Engine\Receipts_Bills\IMG-20260813-WA0718.jpg,Receipts_Bills
IMG-20260813-WA0589.jpg,Receipts_Bills,C:\Users\Priyanka\OneDrive\Desktop\Smart_Screenshot_Search_Engine\Receipts_Bills\IMG-20260813-WA0589.jpg,Receipts_Bills
IMG-20260813-WA0927.jpg,Products_Shopping,C:\Users\Priyanka\OneDrive\Desktop\Smart_Screenshot_Search_Engine\Products_Shopping\IMG-20260813-WA0927.jpg,Products_Shopping
Screenshot_2026-08-13-13-59-40-90_40deb401b9ffe8e1df2f1cc5ba480b12.jpg,Recipes,C:\Users\Priyanka\OneDrive\Desktop\Smart_Screenshot_Search_Engine\Recipes\Screenshot_2026-08-13-13-59-40-90_40deb401b9ffe8e1df2f1cc5ba480b12.jpg,Recipes
IMG-20260813-WA0698.jpg,Receipts_Bills,C:\Users\Priyanka\OneDrive\Desktop\Smart_Screenshot_Search_Engine\Receipts_Bills\IMG-20260813-WA0698.jpg,Receipts_Bills
IMG-20260813-WA0925.jpg,Products_Shopping,C:\Users\Priyanka\OneDrive\Desktop\Smart_Screenshot_Search_Engine\Products_Shopping\IMG-20260813-WA0925.jpg,Products_Shopping
IMG-20260813-WA1788.jpg,Interior_Design,C:\Users\Priyanka\OneDrive\Desktop\Smart_Screenshot_Search_Engine\Interior_Design\IMG-20260813-WA1788.jpg,Interior_Design
Screenshot_2026-08-13-13-35-35-57_8b1cfbb769bd52fc36fa25a4fcc64305.jpg,Recipes,C:\Users\Priyanka\OneDrive\Desktop\Smart_Screenshot_Search_Engine\Recipes\Screenshot_2026-08-13-13-35-35-57_8b1cfbb769bd52fc36fa25a4fcc64305.jpg,Recipes
Screenshot_2026-08-13-16-17-19-28_680d03679600f7af0b4c700c6b270fe7.jpg,Addresses_Locations,C:\Users\Priyanka\OneDrive\Desktop\Smart_Screenshot_Search_Engine\Addresses_Locations\Screenshot_2026-08-13-16-17-19-28_680d03679600f7af0b4c700c6b270fe7.jpg,Addresses_Locations
Screenshot_2026-08-13-14-42-35-23_40deb401b9ffe8e1df2f1cc5ba480b12.jpg,Recipes,C:\Users\Priyanka\OneDrive\Desktop\Smart_Screenshot_Search_Engine\Recipes\Screenshot_2026-08-13-14-42-35-23_40deb401b9ffe8e1df2f1cc5ba480b12.jpg,Recipes
IMG-20260813-WA1776.jpg,Interior_Design,C:\Users\Priyanka\OneDrive\Desktop\Smart_Screenshot_Search_Engine\Interior_Design\IMG-20260813-WA1776.jpg,Interior_Design
IMG-20260813-WA1281.jpg,Addresses_Locations,C:\Users\Priyanka\OneDrive\Desktop\Smart_Screenshot_Search_Engine\Addresses_Locations\IMG-20260813-WA1281.jpg,Addresses_Locations
IMG-20260813-WA1354.jpg,Addresses_Locations,C:\Users\Priyanka\OneDrive\Desktop\Smart_Screenshot_Search_Engine\Addresses_Locations\IMG-20260813-WA1354.jpg,Addresses_Locations
IMG-20260813-WA0590.jpg,Receipts_Bills,C:\Users\Priyanka\OneDrive\Desktop\Smart_Screenshot_Search_Engine\Receipts_Bills\IMG-20260813-WA0590.jpg,Receipts_Bills
IMG-20260813-WA0597.jpg,Receipts_Bills,C:\Users\Priyanka\OneDrive\Desktop\Smart_Screenshot_Search_Engine\Receipts_Bills\IMG-20260813-WA0597.jpg,Receipts_Bills
IMG-20260813-WA1641.jpg,Interior_Design,C:\Users\Priyanka\OneDrive\Desktop\Smart_Screenshot_Search_Engine\Interior_Design\IMG-20260813-WA1641.jpg,Addresses_Locations
IMG-20260813-WA1251.jpg,Interior_Design,C:\Users\Priyanka\OneDrive\Desktop\Smart_Screenshot_Search_Engine\Interior_Design\IMG-20260813-WA1251.jpg,Interior_Design
Screenshot_2026-08-13-15-36-36-27_40deb401b9ffe8e1df2f1cc5ba480b12.jpg,Recipes,C:\Users\Priyanka\OneDrive\Desktop\Smart_Screenshot_Search_Engine\Recipes\Screenshot_2026-08-13-15-36-36-27_40deb401b9ffe8e1df2f1cc5ba480b12.jpg,Recipes
IMG-20260813-WA0139.jpg,Tickets_Bookings,C:\Users\Priyanka\OneDrive\Desktop\Smart_Screenshot_Search_Engine\Tickets_Bookings\IMG-20260813-WA0139.jpg,Addresses_Locations
IMG-20260813-WA0219.jpg,Tickets_Bookings,C:\Users\Priyanka\OneDrive\Desktop\Smart_Screenshot_Search_Engine\Tickets_Bookings\IMG-20260813-WA0219.jpg,Interior_Design
Screenshot_2026-08-13-15-22-16-24_40deb401b9ffe8e1df2f1cc5ba480b12.jpg,Recipes,C:\Users\Priyanka\OneDrive\Desktop\Smart_Screenshot_Search_Engine\Recipes\Screenshot_2026-08-13-15-22-16-24_40deb401b9ffe8e1df2f1cc5ba480b12.jpg,Recipes
Screenshot_2026-08-13-14-06-18-20_40deb401b9ffe8e1df2f1cc5ba480b12.jpg,Recipes,C:\Users\Priyanka\OneDrive\Desktop\Smart_Screenshot_Search_Engine\Recipes\Screenshot_2026-08-13-14-06-18-20_40deb401b9ffe8e1df2f1cc5ba480b12.jpg,Recipes
IMG-20260813-WA0381.jpg,Receipts_Bills,C:\Users\Priyanka\OneDrive\Desktop\Smart_Screenshot_Search_Engine\Receipts_Bills\IMG-20260813-WA0381.jpg,Receipts_Bills
IMG-20260813-WA1870.jpg,Interior_Design,C:\Users\Priyanka\OneDrive\Desktop\Smart_Screenshot_Search_Engine\Interior_Design\IMG-20260813-WA1870.jpg,Receipts_Bills
IMG-20260813-WA1378.jpg,Addresses_Locations,C:\Users\Priyanka\OneDrive\Desktop\Smart_Screenshot_Search_Engine\Addresses_Locations\IMG-20260813-WA1378.jpg,Addresses_Locations
IMG-20260813-WA0510.jpg,Tickets_Bookings,C:\Users\Priyanka\OneDrive\Desktop\Smart_Screenshot_Search_Engine\Tickets_Bookings\IMG-20260813-WA0510.jpg,Products_Shopping
IMG-20260813-WA1369.jpg,Addresses_Locations,C:\Users\Priyanka\OneDrive\Desktop\Smart_Screenshot_Search_Engine\Addresses_Locations\IMG-20260813-WA1369.jpg,Addresses_Locations
IMG-20260813-WA0373.jpg,Tickets_Bookings,C:\Users\Priyanka\OneDrive\Desktop\Smart_Screenshot_Search_Engine\Tickets_Bookings\IMG-20260813-WA0373.jpg,Tickets_Bookings
IMG-20260813-WA0470.jpg,Tickets_Bookings,C:\Users\Priyanka\OneDrive\Desktop\Smart_Screenshot_Search_Engine\Tickets_Bookings\IMG-20260813-WA0470.jpg,Tickets_Bookings
Screenshot_2026-08-13-16-19-58-28_680d03679600f7af0b4c700c6b270fe7.jpg,Addresses_Locations,C:\Users\Priyanka\OneDrive\Desktop\Smart_Screenshot_Search_Engine\Addresses_Locations\Screenshot_2026-08-13-16-19-58-28_680d03679600f7af0b4c700c6b270fe7.jpg,Receipts_Bills
IMG-20260813-WA0959.jpg,Products_Shopping,C:\Users\Priyanka\OneDrive\Desktop\Smart_Screenshot_Search_Engine\Products_Shopping\IMG-20260813-WA0959.jpg,Products_Shopping
IMG-20260813-WA0058.jpg,Tickets_Bookings,C:\Users\Priyanka\OneDrive\Desktop\Smart_Screenshot_Search_Engine\Tickets_Bookings\IMG-20260813-WA0058.jpg,Addresses_Locations
IMG-20260813-WA1164.jpg,Products_Shopping,C:\Users\Priyanka\OneDrive\Desktop\Smart_Screenshot_Search_Engine\Products_Shopping\IMG-20260813-WA1164.jpg,Products_Shopping
IMG-20260813-WA0472.jpg,Products_Shopping,C:\Users\Priyanka\OneDrive\Desktop\Smart_Screenshot_Search_Engine\Products_Shopping\IMG-20260813-WA0472.jpg,Products_Shopping
Screenshot_2026-08-13-16-20-42-37_680d03679600f7af0b4c700c6b270fe7.jpg,Addresses_Locations,C:\Users\Priyanka\OneDrive\Desktop\Smart_Screenshot_Search_Engine\Addresses_Locations\Screenshot_2026-08-13-16-20-42-37_680d03679600f7af0b4c700c6b270fe7.jpg,Recipes
IMG-20260813-WA0160.jpg,Tickets_Bookings,C:\Users\Priyanka\OneDrive\Desktop\Smart_Screenshot_Search_Engine\Tickets_Bookings\IMG-20260813-WA0160.jpg,Addresses_Locations
IMG-20260813-WA1577.jpg,Addresses_Locations,C:\Users\Priyanka\OneDrive\Desktop\Smart_Screenshot_Search_Engine\Addresses_Locations\IMG-20260813-WA1577.jpg,Tickets_Bookings
Screenshot_2026-08-13-16-18-31-06_680d03679600f7af0b4c700c6b270fe7.jpg,Addresses_Locations,C:\Users\Priyanka\OneDrive\Desktop\Smart_Screenshot_Search_Engine\Addresses_Locations\Screenshot_2026-08-13-16-18-31-06_680d03679600f7af0b4c700c6b270fe7.jpg,Addresses_Locations
IMG-20260813-WA0933.jpg,Products_Shopping,C:\Users\Priyanka\OneDrive\Desktop\Smart_Screenshot_Search_Engine\Products_Shopping\IMG-20260813-WA0933.jpg,Products_Shopping
IMG-20260813-WA0625.jpg,Tickets_Bookings,C:\Users\Priyanka\OneDrive\Desktop\Smart_Screenshot_Search_Engine\Tickets_Bookings\IMG-20260813-WA0625.jpg,Tickets_Bookings
IMG-20260813-WA0568.jpg,Receipts_Bills,C:\Users\Priyanka\OneDrive\Desktop\Smart_Screenshot_Search_Engine\Receipts_Bills\IMG-20260813-WA0568.jpg,Receipts_Bills
IMG-20260813-WA0368.jpg,Receipts_Bills,C:\Users\Priyanka\OneDrive\Desktop\Smart_Screenshot_Search_Engine\Receipts_Bills\IMG-20260813-WA0368.jpg,Receipts_Bills
IMG-20260813-WA0455.jpg,Receipts_Bills,C:\Users\Priyanka\OneDrive\Desktop\Smart_Screenshot_Search_Engine\Receipts_Bills\IMG-20260813-WA0455.jpg,Receipts_Bills
Screenshot_2026-08-13-14-56-10-21_40deb401b9ffe8e1df2f1cc5ba480b12.jpg,Recipes,C:\Users\Priyanka\OneDrive\Desktop\Smart_Screenshot_Search_Engine\Recipes\Screenshot_2026-08-13-14-56-10-21_40deb401b9ffe8e1df2f1cc5ba480b12.jpg,Recipes
IMG-20260813-WA1350.jpg,Addresses_Locations,C:\Users\Priyanka\OneDrive\Desktop\Smart_Screenshot_Search_Engine\Addresses_Locations\IMG-20260813-WA1350.jpg,Addresses_Locations
IMG-20260813-WA1063.jpg,Products_Shopping,C:\Users\Priyanka\OneDrive\Desktop\Smart_Screenshot_Search_Engine\Products_Shopping\IMG-20260813-WA1063.jpg,Products_Shopping
IMG-20260813-WA0836.jpg,Receipts_Bills,C:\Users\Priyanka\OneDrive\Desktop\Smart_Screenshot_Search_Engine\Receipts_Bills\IMG-20260813-WA0836.jpg,Receipts_Bills
IMG-20260813-WA0906.jpg,Products_Shopping,C:\Users\Priyanka\OneDrive\Desktop\Smart_Screenshot_Search_Engine\Products_Shopping\IMG-20260813-WA0906.jpg,Products_Shopping
IMG-20260813-WA1798.jpg,Interior_Design,C:\Users\Priyanka\OneDrive\Desktop\Smart_Screenshot_Search_Engine\Interior_Design\IMG-20260813-WA1798.jpg,Recipes
IMG-20260813-WA0176.jpg,Tickets_Bookings,C:\Users\Priyanka\OneDrive\Desktop\Smart_Screenshot_Search_Engine\Tickets_Bookings\IMG-20260813-WA0176.jpg,Tickets_Bookings
IMG-20260813-WA1679.jpg,Interior_Design,C:\Users\Priyanka\OneDrive\Desktop\Smart_Screenshot_Search_Engine\Interior_Design\IMG-20260813-WA1679.jpg,Addresses_Locations
IMG-20260813-WA0214.jpg,Tickets_Bookings,C:\Users\Priyanka\OneDrive\Desktop\Smart_Screenshot_Search_Engine\Tickets_Bookings\IMG-20260813-WA0214.jpg,Addresses_Locations
Screenshot_2026-08-13-14-16-18-68_40deb401b9ffe8e1df2f1cc5ba480b12.jpg,Recipes,C:\Users\Priyanka\OneDrive\Desktop\Smart_Screenshot_Search_Engine\Recipes\Screenshot_2026-08-13-14-16-18-68_40deb401b9ffe8e1df2f1cc5ba480b12.jpg,Recipes
IMG-20260813-WA0428.jpg,Tickets_Bookings,C:\Users\Priyanka\OneDrive\Desktop\Smart_Screenshot_Search_Engine\Tickets_Bookings\IMG-20260813-WA0428.jpg,Tickets_Bookings
IMG-20260813-WA1605.jpg,Interior_Design,C:\Users\Priyanka\OneDrive\Desktop\Smart_Screenshot_Search_Engine\Interior_Design\IMG-20260813-WA1605.jpg,Interior_Design
IMG-20260813-WA0733.jpg,Receipts_Bills,C:\Users\Priyanka\OneDrive\Desktop\Smart_Screenshot_Search_Engine\Receipts_Bills\IMG-20260813-WA0733.jpg,Receipts_Bills
IMG-20260813-WA1769.jpg,Interior_Design,C:\Users\Priyanka\OneDrive\Desktop\Smart_Screenshot_Search_Engine\Interior_Design\IMG-20260813-WA1769.jpg,Interior_Design
IMG-20260813-WA0674.jpg,Receipts_Bills,C:\Users\Priyanka\OneDrive\Desktop\Smart_Screenshot_Search_Engine\Receipts_Bills\IMG-20260813-WA0674.jpg,Receipts_Bills
Screenshot_2026-08-13-13-44-11-39_8b1cfbb769bd52fc36fa25a4fcc64305.jpg,Recipes,C:\Users\Priyanka\OneDrive\Desktop\Smart_Screenshot_Search_Engine\Recipes\Screenshot_2026-08-13-13-44-11-39_8b1cfbb769bd52fc36fa25a4fcc64305.jpg,Recipes
IMG-20260813-WA1739.jpg,Interior_Design,C:\Users\Priyanka\OneDrive\Desktop\Smart_Screenshot_Search_Engine\Interior_Design\IMG-20260813-WA1739.jpg,Interior_Design
IMG-20260813-WA0440.jpg,Receipts_Bills,C:\Users\Priyanka\OneDrive\Desktop\Smart_Screenshot_Search_Engine\Receipts_Bills\IMG-20260813-WA0440.jpg,Receipts_Bills
IMG-20260813-WA1711.jpg,Interior_Design,C:\Users\Priyanka\OneDrive\Desktop\Smart_Screenshot_Search_Engine\Interior_Design\IMG-20260813-WA1711.jpg,Interior_Design
IMG-20260813-WA1131.jpg,Products_Shopping,C:\Users\Priyanka\OneDrive\Desktop\Smart_Screenshot_Search_Engine\Products_Shopping\IMG-20260813-WA1131.jpg,Products_Shopping
Screenshot_2026-08-13-15-22-24-34_40deb401b9ffe8e1df2f1cc5ba480b12.jpg,Recipes,C:\Users\Priyanka\OneDrive\Desktop\Smart_Screenshot_Search_Engine\Recipes\Screenshot_2026-08-13-15-22-24-34_40deb401b9ffe8e1df2f1cc5ba480b12.jpg,Recipes
IMG-20260813-WA0423.jpg,Tickets_Bookings,C:\Users\Priyanka\OneDrive\Desktop\Smart_Screenshot_Search_Engine\Tickets_Bookings\IMG-20260813-WA0423.jpg,Tickets_Bookings
IMG-20260813-WA0380.jpg,Receipts_Bills,C:\Users\Priyanka\OneDrive\Desktop\Smart_Screenshot_Search_Engine\Receipts_Bills\IMG-20260813-WA0380.jpg,Receipts_Bills
Screenshot_2026-08-13-14-59-31-55_40deb401b9ffe8e1df2f1cc5ba480b12.jpg,Recipes,C:\Users\Priyanka\OneDrive\Desktop\Smart_Screenshot_Search_Engine\Recipes\Screenshot_2026-08-13-14-59-31-55_40deb401b9ffe8e1df2f1cc5ba480b12.jpg,Recipes
IMG-20260813-WA1608.jpg,Interior_Design,C:\Users\Priyanka\OneDrive\Desktop\Smart_Screenshot_Search_Engine\Interior_Design\IMG-20260813-WA1608.jpg,Interior_Design
IMG-20260813-WA0089.jpg,Tickets_Bookings,C:\Users\Priyanka\OneDrive\Desktop\Smart_Screenshot_Search_Engine\Tickets_Bookings\IMG-20260813-WA0089.jpg,Addresses_Locations
IMG-20260813-WA1521.jpg,Addresses_Locations,C:\Users\Priyanka\OneDrive\Desktop\Smart_Screenshot_Search_Engine\Addresses_Locations\IMG-20260813-WA1521.jpg,Tickets_Bookings
Screenshot_2026-08-13-15-23-26-10_40deb401b9ffe8e1df2f1cc5ba480b12.jpg,Recipes,C:\Users\Priyanka\OneDrive\Desktop\Smart_Screenshot_Search_Engine\Recipes\Screenshot_2026-08-13-15-23-26-10_40deb401b9ffe8e1df2f1cc5ba480b12.jpg,Recipes
IMG-20260813-WA1742.jpg,Interior_Design,C:\Users\Priyanka\OneDrive\Desktop\Smart_Screenshot_Search_Engine\Interior_Design\IMG-20260813-WA1742.jpg,Recipes
Screenshot_2026-08-13-15-02-58-31_40deb401b9ffe8e1df2f1cc5ba480b12.jpg,Recipes,C:\Users\Priyanka\OneDrive\Desktop\Smart_Screenshot_Search_Engine\Recipes\Screenshot_2026-08-13-15-02-58-31_40deb401b9ffe8e1df2f1cc5ba480b12.jpg,Recipes
Screenshot_2026-08-13-15-45-59-30_8b1cfbb769bd52fc36fa25a4fcc64305.jpg,Recipes,C:\Users\Priyanka\OneDrive\Desktop\Smart_Screenshot_Search_Engine\Recipes\Screenshot_2026-08-13-15-45-59-30_8b1cfbb769bd52fc36fa25a4fcc64305.jpg,Recipes
IMG-20260813-WA1382.jpg,Addresses_Locations,C:\Users\Priyanka\OneDrive\Desktop\Smart_Screenshot_Search_Engine\Addresses_Locations\IMG-20260813-WA1382.jpg,Receipts_Bills
IMG-20260813-WA1417.jpg,Addresses_Locations,C:\Users\Priyanka\OneDrive\Desktop\Smart_Screenshot_Search_Engine\Addresses_Locations\IMG-20260813-WA1417.jpg,Addresses_Locations
Screenshot_2026-08-13-16-23-15-38_680d03679600f7af0b4c700c6b270fe7.jpg,Addresses_Locations,C:\Users\Priyanka\OneDrive\Desktop\Smart_Screenshot_Search_Engine\Addresses_Locations\Screenshot_2026-08-13-16-23-15-38_680d03679600f7af0b4c700c6b270fe7.jpg,Addresses_Locations
Screenshot_2026-08-13-14-31-03-01_40deb401b9ffe8e1df2f1cc5ba480b12.jpg,Recipes,C:\Users\Priyanka\OneDrive\Desktop\Smart_Screenshot_Search_Engine\Recipes\Screenshot_2026-08-13-14-31-03-01_40deb401b9ffe8e1df2f1cc5ba480b12.jpg,Recipes
IMG-20260813-WA0207.jpg,Receipts_Bills,C:\Users\Priyanka\OneDrive\Desktop\Smart_Screenshot_Search_Engine\Receipts_Bills\IMG-20260813-WA0207.jpg,Addresses_Locations
IMG-20260813-WA1808.jpg,Interior_Design,C:\Users\Priyanka\OneDrive\Desktop\Smart_Screenshot_Search_Engine\Interior_Design\IMG-20260813-WA1808.jpg,Interior_Design
IMG-20260813-WA0209.jpg,Receipts_Bills,C:\Users\Priyanka\OneDrive\Desktop\Smart_Screenshot_Search_Engine\Receipts_Bills\IMG-20260813-WA0209.jpg,Tickets_Bookings
Screenshot_2026-08-13-15-31-14-62_40deb401b9ffe8e1df2f1cc5ba480b12.jpg,Recipes,C:\Users\Priyanka\OneDrive\Desktop\Smart_Screenshot_Search_Engine\Recipes\Screenshot_2026-08-13-15-31-14-62_40deb401b9ffe8e1df2f1cc5ba480b12.jpg,Recipes
IMG-20260813-WA1106.jpg,Products_Shopping,C:\Users\Priyanka\OneDrive\Desktop\Smart_Screenshot_Search_Engine\Products_Shopping\IMG-20260813-WA1106.jpg,Products_Shopping
IMG-20260813-WA0459.jpg,Tickets_Bookings,C:\Users\Priyanka\OneDrive\Desktop\Smart_Screenshot_Search_Engine\Tickets_Bookings\IMG-20260813-WA0459.jpg,Tickets_Bookings
IMG-20260813-WA1625.jpg,Interior_Design,C:\Users\Priyanka\OneDrive\Desktop\Smart_Screenshot_Search_Engine\Interior_Design\IMG-20260813-WA1625.jpg,Interior_Design
IMG-20260813-WA1026.jpg,Products_Shopping,C:\Users\Priyanka\OneDrive\Desktop\Smart_Screenshot_Search_Engine\Products_Shopping\IMG-20260813-WA1026.jpg,Products_Shopping
Screenshot_2026-08-13-16-37-10-87_680d03679600f7af0b4c700c6b270fe7.jpg,Addresses_Locations,C:\Users\Priyanka\OneDrive\Desktop\Smart_Screenshot_Search_Engine\Addresses_Locations\Screenshot_2026-08-13-16-37-10-87_680d03679600f7af0b4c700c6b270fe7.jpg,Addresses_Locations
IMG-20260813-WA1158.jpg,Products_Shopping,C:\Users\Priyanka\OneDrive\Desktop\Smart_Screenshot_Search_Engine\Products_Shopping\IMG-20260813-WA1158.jpg,Products_Shopping
IMG-20260813-WA0598.jpg,Receipts_Bills,C:\Users\Priyanka\OneDrive\Desktop\Smart_Screenshot_Search_Engine\Receipts_Bills\IMG-20260813-WA0598.jpg,Receipts_Bills
IMG-20260813-WA1583.jpg,Addresses_Locations,C:\Users\Priyanka\OneDrive\Desktop\Smart_Screenshot_Search_Engine\Addresses_Locations\IMG-20260813-WA1583.jpg,Tickets_Bookings
Screenshot_2026-08-13-14-42-22-53_40deb401b9ffe8e1df2f1cc5ba480b12.jpg,Recipes,C:\Users\Priyanka\OneDrive\Desktop\Smart_Screenshot_Search_Engine\Recipes\Screenshot_2026-08-13-14-42-22-53_40deb401b9ffe8e1df2f1cc5ba480b12.jpg,Recipes
Screenshot_2026-08-13-14-35-29-86_40deb401b9ffe8e1df2f1cc5ba480b12.jpg,Recipes,C:\Users\Priyanka\OneDrive\Desktop\Smart_Screenshot_Search_Engine\Recipes\Screenshot_2026-08-13-14-35-29-86_40deb401b9ffe8e1df2f1cc5ba480b12.jpg,Recipes
IMG-20260813-WA1804.jpg,Interior_Design,C:\Users\Priyanka\OneDrive\Desktop\Smart_Screenshot_Search_Engine\Interior_Design\IMG-20260813-WA1804.jpg,Receipts_Bills
IMG-20260813-WA0777.jpg,Products_Shopping,C:\Users\Priyanka\OneDrive\Desktop\Smart_Screenshot_Search_Engine\Products_Shopping\IMG-20260813-WA0777.jpg,Products_Shopping
IMG-20260813-WA1115.jpg,Products_Shopping,C:\Users\Priyanka\OneDrive\Desktop\Smart_Screenshot_Search_Engine\Products_Shopping\IMG-20260813-WA1115.jpg,Products_Shopping
IMG-20260813-WA1844.jpg,Interior_Design,C:\Users\Priyanka\OneDrive\Desktop\Smart_Screenshot_Search_Engine\Interior_Design\IMG-20260813-WA1844.jpg,Interior_Design
IMG-20260813-WA0751.jpg,Receipts_Bills,C:\Users\Priyanka\OneDrive\Desktop\Smart_Screenshot_Search_Engine\Receipts_Bills\IMG-20260813-WA0751.jpg,Receipts_Bills
IMG-20260813-WA0105.jpg,Tickets_Bookings,C:\Users\Priyanka\OneDrive\Desktop\Smart_Screenshot_Search_Engine\Tickets_Bookings\IMG-20260813-WA0105.jpg,Tickets_Bookings
IMG-20260813-WA0474.jpg,Tickets_Bookings,C:\Users\Priyanka\OneDrive\Desktop\Smart_Screenshot_Search_Engine\Tickets_Bookings\IMG-20260813-WA0474.jpg,Tickets_Bookings
Screenshot_2026-08-13-15-19-11-41_40deb401b9ffe8e1df2f1cc5ba480b12.jpg,Recipes,C:\Users\Priyanka\OneDrive\Desktop\Smart_Screenshot_Search_Engine\Recipes\Screenshot_2026-08-13-15-19-11-41_40deb401b9ffe8e1df2f1cc5ba480b12.jpg,Recipes
IMG-20260813-WA1677.jpg,Interior_Design,C:\Users\Priyanka\OneDrive\Desktop\Smart_Screenshot_Search_Engine\Interior_Design\IMG-20260813-WA1677.jpg,Addresses_Locations
IMG-20260813-WA0984.jpg,Products_Shopping,C:\Users\Priyanka\OneDrive\Desktop\Smart_Screenshot_Search_Engine\Products_Shopping\IMG-20260813-WA0984.jpg,Products_Shopping
IMG-20260813-WA1399.jpg,Addresses_Locations,C:\Users\Priyanka\OneDrive\Desktop\Smart_Screenshot_Search_Engine\Addresses_Locations\IMG-20260813-WA1399.jpg,Addresses_Locations
IMG-20260813-WA1208.jpg,Interior_Design,C:\Users\Priyanka\OneDrive\Desktop\Smart_Screenshot_Search_Engine\Interior_Design\IMG-20260813-WA1208.jpg,Interior_Design
Screenshot_2026-08-13-14-34-08-05_40deb401b9ffe8e1df2f1cc5ba480b12.jpg,Recipes,C:\Users\Priyanka\OneDrive\Desktop\Smart_Screenshot_Search_Engine\Recipes\Screenshot_2026-08-13-14-34-08-05_40deb401b9ffe8e1df2f1cc5ba480b12.jpg,Recipes
IMG-20260813-WA0583.jpg,Receipts_Bills,C:\Users\Priyanka\OneDrive\Desktop\Smart_Screenshot_Search_Engine\Receipts_Bills\IMG-20260813-WA0583.jpg,Receipts_Bills
IMG-20260813-WA0363.jpg,Receipts_Bills,C:\Users\Priyanka\OneDrive\Desktop\Smart_Screenshot_Search_Engine\Receipts_Bills\IMG-20260813-WA0363.jpg,Receipts_Bills
IMG-20260813-WA1438.jpg,Addresses_Locations,C:\Users\Priyanka\OneDrive\Desktop\Smart_Screenshot_Search_Engine\Addresses_Locations\IMG-20260813-WA1438.jpg,Addresses_Locations
Screenshot_2026-08-13-15-35-26-19_40deb401b9ffe8e1df2f1cc5ba480b12.jpg,Recipes,C:\Users\Priyanka\OneDrive\Desktop\Smart_Screenshot_Search_Engine\Recipes\Screenshot_2026-08-13-15-35-26-19_40deb401b9ffe8e1df2f1cc5ba480b12.jpg,Recipes
IMG-20260813-WA1588.jpg,Interior_Design,C:\Users\Priyanka\OneDrive\Desktop\Smart_Screenshot_Search_Engine\Interior_Design\IMG-20260813-WA1588.jpg,Interior_Design
IMG-20260813-WA0059.jpg,Tickets_Bookings,C:\Users\Priyanka\OneDrive\Desktop\Smart_Screenshot_Search_Engine\Tickets_Bookings\IMG-20260813-WA0059.jpg,Tickets_Bookings
IMG-20260813-WA1006.jpg,Products_Shopping,C:\Users\Priyanka\OneDrive\Desktop\Smart_Screenshot_Search_Engine\Products_Shopping\IMG-20260813-WA1006.jpg,Products_Shopping
IMG-20260813-WA0482.jpg,Tickets_Bookings,C:\Users\Priyanka\OneDrive\Desktop\Smart_Screenshot_Search_Engine\Tickets_Bookings\IMG-20260813-WA0482.jpg,Tickets_Bookings
IMG-20260813-WA0600.jpg,Receipts_Bills,C:\Users\Priyanka\OneDrive\Desktop\Smart_Screenshot_Search_Engine\Receipts_Bills\IMG-20260813-WA0600.jpg,Receipts_Bills
IMG-20260813-WA1873.jpg,Interior_Design,C:\Users\Priyanka\OneDrive\Desktop\Smart_Screenshot_Search_Engine\Interior_Design\IMG-20260813-WA1873.jpg,Interior_Design
IMG-20260813-WA0665.jpg,Products_Shopping,C:\Users\Priyanka\OneDrive\Desktop\Smart_Screenshot_Search_Engine\Products_Shopping\IMG-20260813-WA0665.jpg,Products_Shopping
IMG-20260813-WA1214.jpg,Interior_Design,C:\Users\Priyanka\OneDrive\Desktop\Smart_Screenshot_Search_Engine\Interior_Design\IMG-20260813-WA1214.jpg,Interior_Design
Screenshot_2026-08-13-16-36-54-11_680d03679600f7af0b4c700c6b270fe7.jpg,Addresses_Locations,C:\Users\Priyanka\OneDrive\Desktop\Smart_Screenshot_Search_Engine\Addresses_Locations\Screenshot_2026-08-13-16-36-54-11_680d03679600f7af0b4c700c6b270fe7.jpg,Addresses_Locations
IMG-20260813-WA1791.jpg,Interior_Design,C:\Users\Priyanka\OneDrive\Desktop\Smart_Screenshot_Search_Engine\Interior_Design\IMG-20260813-WA1791.jpg,Interior_Design
IMG-20260813-WA0204.jpg,Tickets_Bookings,C:\Users\Priyanka\OneDrive\Desktop\Smart_Screenshot_Search_Engine\Tickets_Bookings\IMG-20260813-WA0204.jpg,Addresses_Locations
Screenshot_2026-08-13-13-32-51-95_8b1cfbb769bd52fc36fa25a4fcc64305.jpg,Recipes,C:\Users\Priyanka\OneDrive\Desktop\Smart_Screenshot_Search_Engine\Recipes\Screenshot_2026-08-13-13-32-51-95_8b1cfbb769bd52fc36fa25a4fcc64305.jpg,Recipes
IMG-20260813-WA1557.jpg,Addresses_Locations,C:\Users\Priyanka\OneDrive\Desktop\Smart_Screenshot_Search_Engine\Addresses_Locations\IMG-20260813-WA1557.jpg,Addresses_Locations
IMG-20260813-WA1132.jpg,Products_Shopping,C:\Users\Priyanka\OneDrive\Desktop\Smart_Screenshot_Search_Engine\Products_Shopping\IMG-20260813-WA1132.jpg,Products_Shopping
IMG-20260813-WA1797.jpg,Interior_Design,C:\Users\Priyanka\OneDrive\Desktop\Smart_Screenshot_Search_Engine\Interior_Design\IMG-20260813-WA1797.jpg,Interior_Design
IMG-20260813-WA1561.jpg,Interior_Design,C:\Users\Priyanka\OneDrive\Desktop\Smart_Screenshot_Search_Engine\Interior_Design\IMG-20260813-WA1561.jpg,Interior_Design
IMG-20260813-WA0783.jpg,Receipts_Bills,C:\Users\Priyanka\OneDrive\Desktop\Smart_Screenshot_Search_Engine\Receipts_Bills\IMG-20260813-WA0783.jpg,Receipts_Bills
Screenshot_2026-08-13-14-51-08-92_40deb401b9ffe8e1df2f1cc5ba480b12.jpg,Recipes,C:\Users\Priyanka\OneDrive\Desktop\Smart_Screenshot_Search_Engine\Recipes\Screenshot_2026-08-13-14-51-08-92_40deb401b9ffe8e1df2f1cc5ba480b12.jpg,Recipes
IMG-20260813-WA0265.jpg,Receipts_Bills,C:\Users\Priyanka\OneDrive\Desktop\Smart_Screenshot_Search_Engine\Receipts_Bills\IMG-20260813-WA0265.jpg,Receipts_Bills
IMG-20260813-WA1639.jpg,Interior_Design,C:\Users\Priyanka\OneDrive\Desktop\Smart_Screenshot_Search_Engine\Interior_Design\IMG-20260813-WA1639.jpg,Interior_Design
IMG-20260813-WA0921.jpg,Products_Shopping,C:\Users\Priyanka\OneDrive\Desktop\Smart_Screenshot_Search_Engine\Products_Shopping\IMG-20260813-WA0921.jpg,Products_Shopping
Screenshot_2026-08-13-14-35-39-92_40deb401b9ffe8e1df2f1cc5ba480b12.jpg,Recipes,C:\Users\Priyanka\OneDrive\Desktop\Smart_Screenshot_Search_Engine\Recipes\Screenshot_2026-08-13-14-35-39-92_40deb401b9ffe8e1df2f1cc5ba480b12.jpg,Recipes
IMG-20260813-WA1920.jpg,Interior_Design,C:\Users\Priyanka\OneDrive\Desktop\Smart_Screenshot_Search_Engine\Interior_Design\IMG-20260813-WA1920.jpg,Interior_Design
IMG-20260813-WA0168.jpg,Tickets_Bookings,C:\Users\Priyanka\OneDrive\Desktop\Smart_Screenshot_Search_Engine\Tickets_Bookings\IMG-20260813-WA0168.jpg,Addresses_Locations
IMG-20260813-WA1636.jpg,Interior_Design,C:\Users\Priyanka\OneDrive\Desktop\Smart_Screenshot_Search_Engine\Interior_Design\IMG-20260813-WA1636.jpg,Addresses_Locations
IMG-20260813-WA1520.jpg,Addresses_Locations,C:\Users\Priyanka\OneDrive\Desktop\Smart_Screenshot_Search_Engine\Addresses_Locations\IMG-20260813-WA1520.jpg,Tickets_Bookings
IMG-20260813-WA1595.jpg,Interior_Design,C:\Users\Priyanka\OneDrive\Desktop\Smart_Screenshot_Search_Engine\Interior_Design\IMG-20260813-WA1595.jpg,Interior_Design
IMG-20260813-WA0256.jpg,Receipts_Bills,C:\Users\Priyanka\OneDrive\Desktop\Smart_Screenshot_Search_Engine\Receipts_Bills\IMG-20260813-WA0256.jpg,Receipts_Bills
IMG-20260813-WA0096.jpg,Tickets_Bookings,C:\Users\Priyanka\OneDrive\Desktop\Smart_Screenshot_Search_Engine\Tickets_Bookings\IMG-20260813-WA0096.jpg,Addresses_Locations
IMG-20260813-WA0183.jpg,Tickets_Bookings,C:\Users\Priyanka\OneDrive\Desktop\Smart_Screenshot_Search_Engine\Tickets_Bookings\IMG-20260813-WA0183.jpg,Addresses_Locations
Screenshot_2026-08-13-13-49-40-89_8b1cfbb769bd52fc36fa25a4fcc64305.jpg,Recipes,C:\Users\Priyanka\OneDrive\Desktop\Smart_Screenshot_Search_Engine\Recipes\Screenshot_2026-08-13-13-49-40-89_8b1cfbb769bd52fc36fa25a4fcc64305.jpg,Recipes
IMG-20260813-WA0331.jpg,Receipts_Bills,C:\Users\Priyanka\OneDrive\Desktop\Smart_Screenshot_Search_Engine\Receipts_Bills\IMG-20260813-WA0331.jpg,Receipts_Bills
IMG-20260813-WA0616.jpg,Receipts_Bills,C:\Users\Priyanka\OneDrive\Desktop\Smart_Screenshot_Search_Engine\Receipts_Bills\IMG-20260813-WA0616.jpg,Receipts_Bills
IMG-20260813-WA1494.jpg,Addresses_Locations,C:\Users\Priyanka\OneDrive\Desktop\Smart_Screenshot_Search_Engine\Addresses_Locations\IMG-20260813-WA1494.jpg,Addresses_Locations
IMG-20260813-WA0528.jpg,Interior_Design,C:\Users\Priyanka\OneDrive\Desktop\Smart_Screenshot_Search_Engine\Interior_Design\IMG-20260813-WA0528.jpg,Products_Shopping
IMG-20260813-WA0140.jpg,Tickets_Bookings,C:\Users\Priyanka\OneDrive\Desktop\Smart_Screenshot_Search_Engine\Tickets_Bookings\IMG-20260813-WA0140.jpg,Addresses_Locations
IMG-20260813-WA0748.jpg,Products_Shopping,C:\Users\Priyanka\OneDrive\Desktop\Smart_Screenshot_Search_Engine\Products_Shopping\IMG-20260813-WA0748.jpg,Products_Shopping
IMG-20260813-WA1422.jpg,Addresses_Locations,C:\Users\Priyanka\OneDrive\Desktop\Smart_Screenshot_Search_Engine\Addresses_Locations\IMG-20260813-WA1422.jpg,Addresses_Locations
IMG-20260813-WA1524.jpg,Addresses_Locations,C:\Users\Priyanka\OneDrive\Desktop\Smart_Screenshot_Search_Engine\Addresses_Locations\IMG-20260813-WA1524.jpg,Tickets_Bookings
IMG-20260813-WA0722.jpg,Products_Shopping,C:\Users\Priyanka\OneDrive\Desktop\Smart_Screenshot_Search_Engine\Products_Shopping\IMG-20260813-WA0722.jpg,Products_Shopping
Screenshot_2026-08-13-14-50-10-49_40deb401b9ffe8e1df2f1cc5ba480b12.jpg,Recipes,C:\Users\Priyanka\OneDrive\Desktop\Smart_Screenshot_Search_Engine\Recipes\Screenshot_2026-08-13-14-50-10-49_40deb401b9ffe8e1df2f1cc5ba480b12.jpg,Recipes
Screenshot_2026-08-13-14-30-42-73_40deb401b9ffe8e1df2f1cc5ba480b12.jpg,Recipes,C:\Users\Priyanka\OneDrive\Desktop\Smart_Screenshot_Search_Engine\Recipes\Screenshot_2026-08-13-14-30-42-73_40deb401b9ffe8e1df2f1cc5ba480b12.jpg,Recipes
IMG-20260813-WA1300.jpg,Addresses_Locations,C:\Users\Priyanka\OneDrive\Desktop\Smart_Screenshot_Search_Engine\Addresses_Locations\IMG-20260813-WA1300.jpg,Addresses_Locations
Screenshot_2026-08-13-14-26-55-43_40deb401b9ffe8e1df2f1cc5ba480b12.jpg,Recipes,C:\Users\Priyanka\OneDrive\Desktop\Smart_Screenshot_Search_Engine\Recipes\Screenshot_2026-08-13-14-26-55-43_40deb401b9ffe8e1df2f1cc5ba480b12.jpg,Recipes
IMG-20260813-WA1777.jpg,Interior_Design,C:\Users\Priyanka\OneDrive\Desktop\Smart_Screenshot_Search_Engine\Interior_Design\IMG-20260813-WA1777.jpg,Interior_Design
IMG-20260813-WA1306.jpg,Addresses_Locations,C:\Users\Priyanka\OneDrive\Desktop\Smart_Screenshot_Search_Engine\Addresses_Locations\IMG-20260813-WA1306.jpg,Addresses_Locations
IMG-20260813-WA1179.jpg,Products_Shopping,C:\Users\Priyanka\OneDrive\Desktop\Smart_Screenshot_Search_Engine\Products_Shopping\IMG-20260813-WA1179.jpg,Products_Shopping
IMG-20260813-WA1741.jpg,Interior_Design,C:\Users\Priyanka\OneDrive\Desktop\Smart_Screenshot_Search_Engine\Interior_Design\IMG-20260813-WA1741.jpg,Interior_Design
IMG-20260813-WA0248.jpg,Tickets_Bookings,C:\Users\Priyanka\OneDrive\Desktop\Smart_Screenshot_Search_Engine\Tickets_Bookings\IMG-20260813-WA0248.jpg,Tickets_Bookings
IMG-20260813-WA0479.jpg,Receipts_Bills,C:\Users\Priyanka\OneDrive\Desktop\Smart_Screenshot_Search_Engine\Receipts_Bills\IMG-20260813-WA0479.jpg,Receipts_Bills
IMG-20260813-WA1188.jpg,Products_Shopping,C:\Users\Priyanka\OneDrive\Desktop\Smart_Screenshot_Search_Engine\Products_Shopping\IMG-20260813-WA1188.jpg,Products_Shopping
IMG-20260813-WA0083.jpg,Tickets_Bookings,C:\Users\Priyanka\OneDrive\Desktop\Smart_Screenshot_Search_Engine\Tickets_Bookings\IMG-20260813-WA0083.jpg,Addresses_Locations
Screenshot_2026-08-13-13-37-05-84_8b1cfbb769bd52fc36fa25a4fcc64305.jpg,Recipes,C:\Users\Priyanka\OneDrive\Desktop\Smart_Screenshot_Search_Engine\Recipes\Screenshot_2026-08-13-13-37-05-84_8b1cfbb769bd52fc36fa25a4fcc64305.jpg,Recipes
IMG-20260813-WA0792.jpg,Receipts_Bills,C:\Users\Priyanka\OneDrive\Desktop\Smart_Screenshot_Search_Engine\Receipts_Bills\IMG-20260813-WA0792.jpg,Receipts_Bills
IMG-20260813-WA1748.jpg,Interior_Design,C:\Users\Priyanka\OneDrive\Desktop\Smart_Screenshot_Search_Engine\Interior_Design\IMG-20260813-WA1748.jpg,Interior_Design
IMG-20260813-WA1462.jpg,Addresses_Locations,C:\Users\Priyanka\OneDrive\Desktop\Smart_Screenshot_Search_Engine\Addresses_Locations\IMG-20260813-WA1462.jpg,Interior_Design
Screenshot_2026-08-13-15-17-59-54_40deb401b9ffe8e1df2f1cc5ba480b12.jpg,Recipes,C:\Users\Priyanka\OneDrive\Desktop\Smart_Screenshot_Search_Engine\Recipes\Screenshot_2026-08-13-15-17-59-54_40deb401b9ffe8e1df2f1cc5ba480b12.jpg,Recipes
IMG-20260813-WA1465.jpg,Addresses_Locations,C:\Users\Priyanka\OneDrive\Desktop\Smart_Screenshot_Search_Engine\Addresses_Locations\IMG-20260813-WA1465.jpg,Interior_Design
IMG-20260813-WA1052.jpg,Products_Shopping,C:\Users\Priyanka\OneDrive\Desktop\Smart_Screenshot_Search_Engine\Products_Shopping\IMG-20260813-WA1052.jpg,Products_Shopping
IMG-20260813-WA0310.jpg,Receipts_Bills,C:\Users\Priyanka\OneDrive\Desktop\Smart_Screenshot_Search_Engine\Receipts_Bills\IMG-20260813-WA0310.jpg,Tickets_Bookings
IMG-20260813-WA1151.jpg,Products_Shopping,C:\Users\Priyanka\OneDrive\Desktop\Smart_Screenshot_Search_Engine\Products_Shopping\IMG-20260813-WA1151.jpg,Products_Shopping
Screenshot_2026-08-13-13-43-32-08_8b1cfbb769bd52fc36fa25a4fcc64305.jpg,Recipes,C:\Users\Priyanka\OneDrive\Desktop\Smart_Screenshot_Search_Engine\Recipes\Screenshot_2026-08-13-13-43-32-08_8b1cfbb769bd52fc36fa25a4fcc64305.jpg,Recipes
IMG-20260813-WA0458.jpg,Tickets_Bookings,C:\Users\Priyanka\OneDrive\Desktop\Smart_Screenshot_Search_Engine\Tickets_Bookings\IMG-20260813-WA0458.jpg,Tickets_Bookings
IMG-20260813-WA1514.jpg,Addresses_Locations,C:\Users\Priyanka\OneDrive\Desktop\Smart_Screenshot_Search_Engine\Addresses_Locations\IMG-20260813-WA1514.jpg,Addresses_Locations
IMG-20260813-WA1615.jpg,Interior_Design,C:\Users\Priyanka\OneDrive\Desktop\Smart_Screenshot_Search_Engine\Interior_Design\IMG-20260813-WA1615.jpg,Interior_Design
IMG-20260813-WA0468.jpg,Receipts_Bills,C:\Users\Priyanka\OneDrive\Desktop\Smart_Screenshot_Search_Engine\Receipts_Bills\IMG-20260813-WA0468.jpg,Receipts_Bills
IMG-20260813-WA0350.jpg,Receipts_Bills,C:\Users\Priyanka\OneDrive\Desktop\Smart_Screenshot_Search_Engine\Receipts_Bills\IMG-20260813-WA0350.jpg,Receipts_Bills
IMG-20260813-WA0968.jpg,Products_Shopping,C:\Users\Priyanka\OneDrive\Desktop\Smart_Screenshot_Search_Engine\Products_Shopping\IMG-20260813-WA0968.jpg,Products_Shopping
IMG-20260813-WA0837.jpg,Products_Shopping,C:\Users\Priyanka\OneDrive\Desktop\Smart_Screenshot_Search_Engine\Products_Shopping\IMG-20260813-WA0837.jpg,Products_Shopping
IMG-20260813-WA0947.jpg,Products_Shopping,C:\Users\Priyanka\OneDrive\Desktop\Smart_Screenshot_Search_Engine\Products_Shopping\IMG-20260813-WA0947.jpg,Products_Shopping
IMG-20260813-WA0738.jpg,Receipts_Bills,C:\Users\Priyanka\OneDrive\Desktop\Smart_Screenshot_Search_Engine\Receipts_Bills\IMG-20260813-WA0738.jpg,Receipts_Bills
IMG-20260813-WA0019.jpg,Tickets_Bookings,C:\Users\Priyanka\OneDrive\Desktop\Smart_Screenshot_Search_Engine\Tickets_Bookings\IMG-20260813-WA0019.jpg,Addresses_Locations
IMG-20260813-WA0070.jpg,Tickets_Bookings,C:\Users\Priyanka\OneDrive\Desktop\Smart_Screenshot_Search_Engine\Tickets_Bookings\IMG-20260813-WA0070.jpg,Recipes
IMG-20260813-WA1435.jpg,Addresses_Locations,C:\Users\Priyanka\OneDrive\Desktop\Smart_Screenshot_Search_Engine\Addresses_Locations\IMG-20260813-WA1435.jpg,Addresses_Locations
IMG-20260813-WA1838.jpg,Interior_Design,C:\Users\Priyanka\OneDrive\Desktop\Smart_Screenshot_Search_Engine\Interior_Design\IMG-20260813-WA1838.jpg,Interior_Design
IMG-20260813-WA0484.jpg,Products_Shopping,C:\Users\Priyanka\OneDrive\Desktop\Smart_Screenshot_Search_Engine\Products_Shopping\IMG-20260813-WA0484.jpg,Products_Shopping
IMG-20260813-WA0366.jpg,Tickets_Bookings,C:\Users\Priyanka\OneDrive\Desktop\Smart_Screenshot_Search_Engine\Tickets_Bookings\IMG-20260813-WA0366.jpg,Tickets_Bookings
IMG-20260813-WA1867.jpg,Interior_Design,C:\Users\Priyanka\OneDrive\Desktop\Smart_Screenshot_Search_Engine\Interior_Design\IMG-20260813-WA1867.jpg,Interior_Design
IMG-20260813-WA1508.jpg,Addresses_Locations,C:\Users\Priyanka\OneDrive\Desktop\Smart_Screenshot_Search_Engine\Addresses_Locations\IMG-20260813-WA1508.jpg,Tickets_Bookings
IMG-20260813-WA0663.jpg,Products_Shopping,C:\Users\Priyanka\OneDrive\Desktop\Smart_Screenshot_Search_Engine\Products_Shopping\IMG-20260813-WA0663.jpg,Products_Shopping
IMG-20260813-WA1339.jpg,Addresses_Locations,C:\Users\Priyanka\OneDrive\Desktop\Smart_Screenshot_Search_Engine\Addresses_Locations\IMG-20260813-WA1339.jpg,Addresses_Locations
Screenshot_2026-08-13-13-37-28-84_8b1cfbb769bd52fc36fa25a4fcc64305.jpg,Recipes,C:\Users\Priyanka\OneDrive\Desktop\Smart_Screenshot_Search_Engine\Recipes\Screenshot_2026-08-13-13-37-28-84_8b1cfbb769bd52fc36fa25a4fcc64305.jpg,Recipes
IMG-20260813-WA0487.jpg,Tickets_Bookings,C:\Users\Priyanka\OneDrive\Desktop\Smart_Screenshot_Search_Engine\Tickets_Bookings\IMG-20260813-WA0487.jpg,Tickets_Bookings
IMG-20260813-WA0727.jpg,Receipts_Bills,C:\Users\Priyanka\OneDrive\Desktop\Smart_Screenshot_Search_Engine\Receipts_Bills\IMG-20260813-WA0727.jpg,Receipts_Bills
IMG-20260813-WA1878.jpg,Interior_Design,C:\Users\Priyanka\OneDrive\Desktop\Smart_Screenshot_Search_Engine\Interior_Design\IMG-20260813-WA1878.jpg,Interior_Design
IMG-20260813-WA1067.jpg,Products_Shopping,C:\Users\Priyanka\OneDrive\Desktop\Smart_Screenshot_Search_Engine\Products_Shopping\IMG-20260813-WA1067.jpg,Products_Shopping
Screenshot_2026-08-13-16-35-07-85_680d03679600f7af0b4c700c6b270fe7.jpg,Addresses_Locations,C:\Users\Priyanka\OneDrive\Desktop\Smart_Screenshot_Search_Engine\Addresses_Locations\Screenshot_2026-08-13-16-35-07-85_680d03679600f7af0b4c700c6b270fe7.jpg,Addresses_Locations
IMG-20260813-WA1088.jpg,Products_Shopping,C:\Users\Priyanka\OneDrive\Desktop\Smart_Screenshot_Search_Engine\Products_Shopping\IMG-20260813-WA1088.jpg,Products_Shopping
